0.043643642856630555,0.0,0.00035219898099528643,0.0,0.0
0.07330025236413426,0.0,0.8616556352623541,1.0,0.0
3.4303449714803926e-07,0.0,0.13849283502690407,0.0,0.0
4.852120195664671e-06,0.0,2.0176064254986314e-07,0.0,0.0
0.010087931681580056,0.0,1.4862472000492246e-06,0.0,0.0
0.031618763553511446,0.0,6.835848810723525e-08,0.0,0.0
4.3394524278034235e-06,0.0,4.6670381844886727e-07,0.0,0.0
5.273481667722874e-05,0.0,4.904407944112197e-06,0.0,1.0
0.00024720975496391416,0.0,4.1253720477577083e-07,0.0,0.0
0.0015657568700977735,0.0,2.167870174911141e-06,0.0,0.0
0.0007471618683808353,0.0,3.937820828755438e-08,0.0,0.0
7.403000306178361e-05,0.0,9.05042937911743e-05,0.0,0.0
5.493782868392193e-06,0.0,5.761091374430437e-08,0.0,0.0
0.023377193262870168,0.0,0.9997194770147375,1.0,1.0
0.01766423434299541,0.0,0.00023267384752774216,0.0,0.0
0.004063617946297344,0.0,2.4572537963125484e-05,0.0,0.0
2.2450319654421107e-09,0.0,3.057142958319471e-08,0.0,0.0
0.00038965609942736196,0.0,0.00046094798999725086,0.0,0.0
9.972138290722236e-05,0.0,1.2863125456099221e-05,0.0,0.0
5.356808744699373e-06,0.0,3.1560149027048928e-06,0.0,0.0
0.00015568112967148838,0.0,4.4023640172317624e-07,0.0,0.0
6.092633527013101e-05,0.0,2.2365351039363886e-08,0.0,0.0
7.58491829316319e-07,0.0,2.9768616969224734e-09,0.0,0.0
3.33233992745616e-08,0.0,9.943568745562233e-07,0.0,0.0
5.954778768907251e-09,0.0,2.2161186338478897e-06,0.0,0.0
2.437545899007966e-05,0.0,0.0662604915204362,0.0,0.0
0.0004708154053436,0.0,3.5557407382205757e-06,0.0,0.0
5.768114939885081e-05,0.0,3.393452337119714e-07,0.0,0.0
0.037283434921612305,0.0,2.0787642298118933e-07,0.0,0.0
5.55649067679326e-07,0.0,3.6007647961211166e-07,0.0,0.0
7.236641904248397e-06,0.0,1.9536460230621676e-06,0.0,0.0
2.3644344038968124e-06,0.0,5.375185025954679e-05,0.0,0.0
4.1531455869076564e-05,0.0,3.410257809229724e-07,0.0,0.0
7.44267796504609e-08,0.0,2.4748989384156835e-07,0.0,0.0
0.0001811586062455855,0.0,1.8900453207176168e-07,0.0,1.0
2.06771152094027e-05,0.0,1.4006641420571531e-09,0.0,0.0
1.7034215787815594e-06,0.0,0.0008420002610191974,0.0,0.0
6.4833108519794326e-06,0.0,4.20010932359902e-09,0.0,0.0
1.0377808765830629e-07,0.0,2.90085323745198e-08,0.0,0.0
0.001765075676562946,0.0,0.0035606860740470163,0.0,0.0
2.1941669460873645e-06,0.0,3.1643045764859616e-07,0.0,0.0
6.691361564832494e-06,0.0,4.485104825238602e-08,0.0,0.0
2.7451586096540914e-05,0.0,0.0005987833107551087,0.0,0.0
6.086529087355883e-05,0.0,1.3710632922358002e-07,0.0,0.0
0.00020600999572312957,0.0,2.2603924122908914e-06,0.0,0.0
0.07031899781027341,0.0,1.5973976535652378e-06,0.0,0.0
0.00025283110529266697,0.0,1.3615569065888703e-05,0.0,0.0
0.03686751456743669,0.0,9.87519246357371e-06,0.0,0.0
0.3646442981511397,0.0,5.738521360301701e-08,0.0,1.0
4.186724751495464e-09,0.0,6.567140274334154e-08,0.0,0.0
6.795370759218113e-07,0.0,1.685183177643752e-05,0.0,0.0
4.3884027533955346e-07,0.0,5.708239728000782e-08,0.0,0.0
9.391027004912464e-05,0.0,0.9999379732167554,1.0,2.0
9.761257445882397e-07,0.0,2.2239315986826307e-06,0.0,0.0
5.867749393686415e-06,0.0,0.1269720937083712,0.0,0.0
3.5976073393412755e-05,0.0,0.0006431316242057618,0.0,2.0
0.0007164305119714021,0.0,4.5888279449403913e-07,0.0,0.0
3.010147398779665e-09,0.0,5.149971347748507e-05,0.0,0.0
8.121895233934036e-07,0.0,1.4514710033913796e-06,0.0,0.0
0.011265675425387155,0.0,1.4699706824866669e-06,0.0,0.0
0.0007721816354111223,0.0,7.289411037057871e-08,0.0,0.0
6.808785676779782e-06,0.0,0.0002611578031244818,0.0,0.0
5.491157373780172e-07,0.0,8.409663830281186e-06,0.0,0.0
0.00013578991957886925,0.0,1.9900760103749316e-07,0.0,0.0
2.391073487258875e-06,0.0,5.61600399937892e-08,0.0,0.0
2.4543041173815075e-08,0.0,8.651546222847611e-08,0.0,0.0
0.0007671076393470877,0.0,0.8894925548368048,1.0,0.0
1.9454893983819934e-06,0.0,4.769060801241108e-06,0.0,0.0
4.8255010766573335e-08,0.0,2.0353559940211458e-07,0.0,0.0
1.5622923044434502e-06,0.0,2.743634069336255e-06,0.0,1.0
1.1199268972980042e-07,0.0,1.0477596819718223e-07,0.0,0.0
0.01755825655132105,0.0,0.0007366307109892412,0.0,0.0
2.2349573862291738e-07,0.0,2.3522645928930913e-05,0.0,0.0
4.1228603704638624e-07,0.0,1.703759548024207e-05,0.0,0.0
0.17729112356423543,0.0,3.037293688431129e-06,0.0,0.0
1.4219225500202171e-07,0.0,6.36192522024118e-08,0.0,0.0
0.010627490327602953,0.0,0.04883403113522235,0.0,0.0
0.2646032496831903,0.0,5.579826966333001e-07,0.0,0.0
0.00014970304920019492,0.0,2.0687366794939324e-07,0.0,0.0
4.08127195092689e-05,0.0,1.2098721653639387e-07,0.0,0.0
1.6517728121856765e-05,0.0,2.665015212833363e-07,0.0,0.0
1.567432579408872e-05,0.0,1.7453315814609241e-07,0.0,0.0
0.0031516293394658664,0.0,0.008591579660670305,0.0,0.0
3.014518165319744e-06,0.0,5.757096655256771e-09,0.0,0.0
9.240931428894257e-09,0.0,3.7526368271638867e-08,0.0,0.0
3.0233669835037452e-06,0.0,0.0007017883260458789,0.0,0.0
1.3650558564664687e-09,0.0,3.687555847497501e-08,0.0,0.0
1.0494100904446519e-06,0.0,1.1018871264208527e-05,0.0,0.0
2.9614912022175942e-05,0.0,2.1373370266238416e-05,0.0,0.0
0.0009917396693461423,0.0,7.165468577881113e-09,0.0,0.0
0.002209824726153116,0.0,3.128175948384046e-05,0.0,0.0
0.012457754589313638,0.0,9.837704398760809e-08,0.0,1.0
0.08382449338369669,0.0,4.195172028972351e-07,0.0,0.0
4.193568309389461e-09,0.0,1.51272369197021e-08,0.0,0.0
0.00011954654870590702,0.0,3.914851721901405e-07,0.0,0.0
0.0006999728408247516,0.0,8.33247354411128e-08,0.0,0.0
1.8537661251255733e-05,0.0,1.707669743417446e-07,0.0,1.0
6.498895587636137e-07,0.0,5.353586351852157e-07,0.0,0.0
1.2239587249267055e-05,0.0,4.71482808411021e-06,0.0,0.0
5.928748080517343e-05,0.0,2.9657401904601787e-06,0.0,2.0
1.1118407669092026e-07,0.0,2.9298959975906775e-06,0.0,0.0
2.5044219260633017e-08,0.0,1.0647752895198078e-06,0.0,0.0
7.057412658204528e-05,0.0,0.00010719645275445947,0.0,0.0
1.6647482669085405e-08,0.0,8.971512625383511e-08,0.0,0.0
6.223531668528076e-06,0.0,1.597659515608348e-07,0.0,0.0
1.7285787745650704e-05,0.0,6.125885704824668e-07,0.0,0.0
2.1332771015939155e-05,0.0,4.769060801241108e-06,0.0,0.0
0.2741328980863392,0.0,3.649702401535547e-07,0.0,0.0
7.968081955426463e-06,0.0,6.52867688301119e-08,0.0,0.0
0.0719677629566577,0.0,5.387328393721157e-08,0.0,0.0
8.724422144020608e-06,0.0,0.10649688228124916,0.0,0.0
1.4787019476432475e-05,0.0,5.066849591153554e-08,0.0,0.0
5.65078082697538e-08,0.0,6.626390166292523e-07,0.0,0.0
0.00022493054777756618,0.0,2.4931322007303386e-07,0.0,0.0
2.9111654782848005e-06,0.0,4.935548064135846e-07,0.0,0.0
2.2567912895739866e-06,0.0,3.731491322059314e-08,0.0,0.0
0.19372324201626287,0.0,0.010101532880404426,0.0,1.0
0.03730997845927418,0.0,1.978274159101808e-06,0.0,0.0
0.008667726825253522,0.0,3.6613672389790645e-05,0.0,0.0
9.251251107689782e-07,0.0,4.092816533119243e-07,0.0,0.0
1.1870147795615337e-06,0.0,5.860519704363018e-07,0.0,0.0
0.0004911686009554387,0.0,8.381581692533624e-07,0.0,0.0
0.0009269965951066629,0.0,2.8173799921207716e-10,0.0,0.0
6.2883917096352e-07,0.0,2.9723684134759712e-09,0.0,0.0
0.005306869425468868,0.0,0.9992148623745774,1.0,0.0
5.806781677052645e-06,0.0,5.20813897380087e-07,0.0,0.0
8.854791048619041e-05,0.0,3.09722098449114e-08,0.0,0.0
2.9808580770824017e-07,0.0,0.00010250083748637548,0.0,0.0
0.0011995219410795644,0.0,0.008921116912071576,0.0,0.0
0.01797299028300943,0.0,1.4492814746886329e-06,0.0,0.0
2.0889588665132518e-05,0.0,1.021036206207376e-07,0.0,0.0
0.0044555386216016115,0.0,1.2122236268091328e-08,0.0,0.0
7.859054068784896e-07,0.0,5.4555978765550405e-08,0.0,0.0
9.639834515837016e-08,0.0,5.591542039235467e-07,0.0,0.0
0.0948504238636431,0.0,9.704793110992561e-06,0.0,0.0
0.00020431862917938138,0.0,0.00020351178834018097,0.0,0.0
0.0013670387697874188,0.0,0.5185712340039178,1.0,0.0
0.00012132343971783954,0.0,5.934311526539356e-09,0.0,0.0
0.3478051292989943,0.0,0.0037181875867180534,0.0,0.0
0.15408496994576157,0.0,4.0054225937047825e-08,0.0,0.0
0.020368726222337912,0.0,3.0972209936795e-08,0.0,0.0
0.005241268785277076,0.0,2.8373454194882668e-08,0.0,0.0
5.423811647082028e-07,0.0,3.3565334328279236e-08,0.0,0.0
0.05074251721250951,0.0,0.0001246527102347403,0.0,0.0
0.0004824496690389486,0.0,0.0015172858164164706,0.0,0.0
0.005841130403105444,0.0,3.491083512022445e-08,0.0,0.0
0.0005847599414392813,0.0,2.214755537117536e-09,0.0,0.0
4.7728481879893255e-05,0.0,1.2481146798587256e-08,0.0,0.0
6.192773619450189e-08,0.0,7.4117192082571905e-06,0.0,0.0
1.4887250357378399e-08,0.0,3.4707010097264564e-06,0.0,0.0
2.9480102288586477e-07,0.0,0.027928733290410093,0.0,0.0
1.3040017749998496e-05,0.0,1.6098179976928135e-07,0.0,0.0
8.956966773340643e-06,0.0,1.7507435710490342e-05,0.0,0.0
0.0011262645205975745,0.0,0.0002147849584403744,0.0,0.0
9.785676911890592e-10,0.0,9.59157804682037e-09,0.0,0.0
2.3447741957578123e-07,0.0,7.049414710069478e-07,0.0,0.0
2.522455147316708e-05,0.0,6.546471297997836e-06,0.0,0.0
0.0002502427052190431,0.0,0.9699331544208356,1.0,0.0
1.045342288543173e-06,0.0,0.0025164947383565376,0.0,0.0
3.6049363275016847e-09,0.0,6.505952660225141e-07,0.0,0.0
2.587653314176261e-06,0.0,1.329936868702966e-07,0.0,0.0
2.4293475546957033e-05,0.0,6.964226792951785e-06,0.0,0.0
0.003528342947715145,0.0,0.9995911837501192,1.0,2.0
5.1981142401055945e-08,0.0,3.0601750911043875e-07,0.0,0.0
2.3663397727772094e-06,0.0,5.173761429948426e-05,0.0,0.0
0.00022303253655986166,0.0,3.516098545930401e-08,0.0,1.0
6.054604651796339e-07,0.0,2.3037644108762342e-05,0.0,0.0
5.410918126603403e-07,0.0,1.5971601612494184e-08,0.0,0.0
2.2755728047789903e-05,0.0,1.8442986045452484e-05,0.0,0.0
0.014986987094190843,0.0,1.8078246702581314e-06,0.0,2.0
0.00041935446890164737,0.0,1.2481146798587256e-08,0.0,0.0
2.148211136495687e-08,0.0,1.1036695146259641e-07,0.0,0.0
0.0005481445972547068,0.0,2.151817920628638e-08,0.0,0.0
9.40545072985429e-09,0.0,1.176868274320934e-06,0.0,0.0
0.0039136556737302455,0.0,0.013118977336715174,0.0,0.0
3.1007374397930074e-05,0.0,3.407080764337067e-08,0.0,1.0
0.00012382226276091767,0.0,1.0270582272343688e-05,0.0,0.0
0.010561792573922273,0.0,0.0001034765459194007,0.0,0.0
6.07043362432085e-09,0.0,4.802597014071586e-07,0.0,0.0
0.0025290488543062714,0.0,0.9949555664525739,1.0,2.0
2.674189196265843e-05,0.0,7.671170476813102e-07,0.0,0.0
4.576404874717405e-06,0.0,3.962404628212956e-06,0.0,0.0
5.904195361137432e-05,0.0,3.5709998846998954e-05,0.0,0.0
0.0007210735314383245,0.0,2.864188565273576e-05,0.0,0.0
0.05074251721250951,0.0,0.0045233373178765884,0.0,0.0
0.018421623410024773,0.0,5.1160701560772487e-05,0.0,0.0
0.0048115569067766805,0.0,6.612110372541236e-08,0.0,0.0
3.7832696558550687e-05,0.0,2.8852357840021484e-08,0.0,0.0
1.944800656418584e-06,0.0,2.6179957503853274e-06,0.0,0.0
0.0001200746834420384,0.0,0.0001961592452648287,0.0,0.0
4.6598228193969914e-08,0.0,2.3946615351778306e-09,0.0,0.0
0.017273412639954643,0.0,8.773760965751673e-06,0.0,0.0
3.4900575557021955e-06,0.0,5.8280656047991054e-09,0.0,0.0
0.003653134698043065,0.0,1.8398622366323224e-05,0.0,0.0
5.875590188533436e-05,0.0,4.847022068554032e-07,0.0,0.0
1.4268612717440001e-06,0.0,0.004293206614957397,0.0,0.0
1.19258626460878e-05,0.0,1.224732378862367e-06,0.0,0.0
0.196145166846709,0.0,0.0710644900127583,0.0,0.0
1.7837962925191385e-06,0.0,2.4007847860894784e-08,0.0,0.0
0.15210973929355193,0.0,7.440718038636392e-05,0.0,0.0
0.0008244140683349406,0.0,2.1257462223510523e-08,0.0,0.0
0.000841567638240817,0.0,1.4232603717698023e-05,0.0,0.0
0.0006322147838142202,0.0,7.088318175420262e-08,0.0,0.0
4.860660686691761e-07,0.0,0.05071670149173691,0.0,0.0
2.1948337840394168e-07,0.0,0.0027983553511359924,0.0,0.0
5.040769486805074e-07,0.0,2.015381646297617e-07,0.0,0.0
0.010194333864109142,0.0,7.234610013396055e-08,0.0,1.0
6.879786866801749e-08,0.0,3.356533067211039e-08,0.0,0.0
6.761536650901236e-07,0.0,0.018723950721073003,0.0,0.0
9.333179493262087e-05,0.0,3.1579487740033695e-05,0.0,0.0
6.503110296877288e-08,0.0,3.501662810853464e-09,0.0,0.0
1.3444750341671633e-05,0.0,5.265667981079047e-05,0.0,0.0
6.830808109519186e-06,0.0,7.482544106237718e-05,0.0,0.0
7.839340354872506e-09,0.0,5.919623133998243e-07,0.0,0.0
0.0013326155027594813,0.0,8.09990746175028e-05,0.0,0.0
6.21031548549893e-05,0.0,5.508993080508326e-07,0.0,0.0
2.0504243358507474e-05,0.0,5.494688868200086e-07,0.0,0.0
3.0136943879505295e-07,0.0,3.395299313761519e-08,0.0,0.0
1.6472505573010116e-07,0.0,4.122911160057243e-06,0.0,0.0
1.516378968009083e-06,0.0,2.719737734895377e-06,0.0,0.0
0.002789492801571261,0.0,5.938479503896047e-07,0.0,0.0
1.7454229764541867e-07,0.0,4.6480046337925076e-08,0.0,0.0
0.0007734550620306831,0.0,6.181568135083032e-07,0.0,0.0
6.301123711939259e-06,0.0,0.0005544231946262652,0.0,0.0
0.0003787734171816618,0.0,3.4002580258967395e-08,0.0,0.0
0.0021862552378037474,0.0,6.163311119045439e-08,0.0,0.0
1.7321593003914007e-08,0.0,1.7472241875106704e-06,0.0,0.0
0.06386500175654258,0.0,7.376265050324386e-08,0.0,1.0
6.054913812858695e-05,0.0,5.938479503896048e-07,0.0,0.0
1.6352743012394373e-05,0.0,5.906576735084036e-06,0.0,0.0
1.4283334677581052e-06,0.0,4.2383839978185374e-07,0.0,0.0
3.483412930799511e-08,0.0,4.6305415291463203e-08,0.0,0.0
2.2799844852202658e-07,0.0,1.8687709207827486e-06,0.0,0.0
0.00011529976537564304,0.0,0.0015057562581026656,0.0,0.0
0.20073791876158095,0.0,0.992219351877746,1.0,0.0
0.0002990229841684595,0.0,1.902073789687086e-08,0.0,0.0
2.896034622437379e-07,0.0,2.08532435094531e-06,0.0,0.0
2.707867818328469e-06,0.0,9.040537875644557e-08,0.0,0.0
1.9030916344572139e-07,0.0,1.7104321341850924e-06,0.0,0.0
0.22428928209309854,0.0,2.768121247555531e-06,0.0,0.0
3.98620004253283e-05,0.0,8.573035375676705e-08,0.0,0.0
8.190857396084675e-06,0.0,4.446779801032279e-07,0.0,0.0
0.03539026189201777,0.0,3.004634876892168e-07,0.0,0.0
0.019546224833381358,0.0,0.0012242452305572507,0.0,0.0
0.04772389109923558,0.0,0.02928024985002825,0.0,0.0
0.007048228840147144,0.0,5.424887428633627e-08,0.0,0.0
3.209340444522917e-06,0.0,9.246348724375283e-08,0.0,0.0
0.0004102079762417246,0.0,2.6215655196034557e-07,0.0,0.0
3.4850315528592715e-05,0.0,1.3978405041313656e-07,0.0,0.0
0.001471212653975671,0.0,1.0308288756504886e-07,0.0,0.0
7.909596072593529e-10,0.0,2.08693727150759e-07,0.0,0.0
0.008594553579948132,0.0,3.3990224465284735e-06,0.0,0.0
7.43728131709532e-08,0.0,2.5732931716637586e-06,0.0,0.0
0.006361214840674482,0.0,8.573035388817111e-08,0.0,0.0
5.866194089817247e-05,0.0,8.529275630752298e-08,0.0,0.0
4.8012082917112454e-09,0.0,5.1526791106885564e-08,0.0,0.0
8.850597896070024e-07,0.0,1.5658921781249433e-07,0.0,0.0
1.51237461005531e-06,0.0,1.6419786522121688e-07,0.0,0.0
0.3536811713288714,0.0,5.9071813635997525e-08,0.0,0.0
4.151820090618137e-08,0.0,3.4648941587648532e-06,0.0,0.0
1.3071019053993546e-06,0.0,9.144678529424695e-08,0.0,0.0
3.637647261690296e-06,0.0,1.3975055841169746e-05,0.0,0.0
3.977426407630209e-07,0.0,3.856829246925336e-07,0.0,0.0
0.00030383161505874245,0.0,6.930077991918119e-06,0.0,0.0
2.6408788025220005e-06,0.0,1.2024002622303292e-07,0.0,0.0
0.008196127434813918,0.0,9.144678529424695e-08,0.0,0.0
1.057981493923979e-05,0.0,8.79011148572053e-08,0.0,0.0
1.0282374467575154e-05,0.0,2.5916297819973725e-07,0.0,0.0
0.0001787353461310209,0.0,0.0007443801275629812,0.0,0.0
4.2689447480471346e-08,0.0,8.416603637412146e-08,0.0,0.0
2.284488462655589e-05,0.0,7.422340728317477e-08,0.0,0.0
0.005618052479606174,0.0,3.548418667566144e-05,0.0,0.0
0.0009133378510308134,0.0,0.9999996365417056,1.0,0.0
1.892546717427008e-06,0.0,0.007022346849177008,0.0,0.0
1.7621814750321573e-06,0.0,9.414122124036126e-08,0.0,0.0
0.2425775782950314,0.0,4.9423594914552734e-06,0.0,1.0
0.014905788276389291,0.0,2.3913471450163474e-05,0.0,0.0
0.030583429400181147,0.0,0.048793897649910205,0.0,1.0
1.9586669943493998e-08,0.0,1.870392955500506e-06,0.0,0.0
6.415281717129634e-06,0.0,5.799414416290409e-06,0.0,0.0
0.015554115137640772,0.0,0.0031987362588765714,0.0,0.0
4.962984392462408e-07,0.0,1.0844315256073802e-08,0.0,0.0
0.0002400575333684705,0.0,9.145559017458258e-06,0.0,0.0
1.307670696065815e-05,0.0,1.6770589003089222e-07,0.0,0.0
5.778838678138251e-07,0.0,0.18838348479186948,0.0,0.0
8.42469235311262e-05,0.0,8.41043512940457e-08,0.0,0.0
8.597859145802916e-06,0.0,9.189284670379285e-07,0.0,0.0
1.5071189632361836e-05,0.0,4.476660886481243e-08,0.0,0.0
0.042956100411566875,0.0,3.140769726872691e-05,0.0,0.0
2.0039863232314727e-05,0.0,2.6725832688777708e-05,0.0,0.0
0.04435059060681954,0.0,6.429595415002172e-06,0.0,0.0
0.004564653349556875,0.0,6.152450606356662e-07,0.0,0.0
0.0016984512366214474,0.0,3.8217813186068357e-07,0.0,0.0
1.082371758081114e-06,0.0,7.485613264032936e-07,0.0,0.0
6.41503721597546e-05,0.0,1.4145167861733568e-07,0.0,0.0
1.419266259463313e-06,0.0,3.575343480487445e-08,0.0,0.0
0.00241410436705997,0.0,0.06043140467855972,0.0,0.0
7.929771010096074e-05,0.0,1.6198859787968992e-08,0.0,0.0
0.04856467062679673,0.0,8.643399779314807e-08,0.0,0.0
3.814048427753016e-05,0.0,1.7707638233190809e-07,0.0,0.0
0.01376165447637051,0.0,0.8776132983727509,1.0,0.0
6.943778914947954e-08,0.0,1.0415027717015047e-08,0.0,0.0
3.97881930958795e-06,0.0,2.6155457632091594e-07,0.0,0.0
9.312382760707263e-07,0.0,6.49974136524273e-06,0.0,0.0
4.056936804810553e-05,0.0,0.0004661134263330586,0.0,0.0
2.640726590969995e-07,0.0,0.00015454254065988128,0.0,0.0
1.2712820594783587e-06,0.0,6.800038926009274e-08,0.0,0.0
3.637647261690296e-06,0.0,1.3925378627728626e-06,0.0,0.0
3.686489596987506e-09,0.0,4.339945730826416e-08,0.0,0.0
9.678810699069276e-08,0.0,5.661153826708354e-05,0.0,0.0
0.0010618873387171497,0.0,0.03696642353189058,0.0,0.0
0.00016512032152946233,0.0,1.4303361441969258e-07,0.0,0.0
0.011058995236711326,0.0,4.703726489335351e-06,0.0,0.0
4.626595658143952e-07,0.0,0.0031751472762015912,0.0,0.0
8.403364926649034e-07,0.0,1.1988504642728045e-07,0.0,0.0
3.056988961034e-06,0.0,1.865778894871394e-06,0.0,0.0
0.0017337757185275904,0.0,8.122133636595114e-07,0.0,0.0
7.049487740525737e-05,0.0,1.5381240703082178e-07,0.0,0.0
6.148506038216913e-09,0.0,0.0011952091498993345,0.0,0.0
0.01857716449724327,0.0,0.002198460922485821,0.0,0.0
1.491577353387217e-07,0.0,3.0903961630726003e-06,0.0,0.0
7.5471664872230005e-06,0.0,1.489574964849252e-07,0.0,0.0
3.855091041203803e-09,0.0,4.401732006320509e-07,0.0,0.0
0.2681969635089091,0.0,3.3107779312732577e-06,0.0,0.0
0.03892086079512064,0.0,1.4145167878110566e-07,0.0,0.0
1.0941667280622263e-08,0.0,7.902184170890863e-08,0.0,0.0
0.00013403839306877553,0.0,7.60348743452788e-08,0.0,0.0
2.4916647530882473e-05,0.0,1.2021539291706519e-08,0.0,0.0
0.0017862762930719832,0.0,9.205313181738173e-08,0.0,0.0
1.364731365503763e-07,0.0,3.3931636083558835e-05,0.0,2.0
0.0007763776117568046,0.0,9.412734217289227e-07,0.0,0.0
1.0860745531894743e-05,0.0,1.3401449037270338e-05,0.0,0.0
2.3104528570865966e-06,0.0,2.5441337113792857e-05,0.0,0.0
1.0194992170719998e-07,0.0,3.5363430787971386e-08,0.0,0.0
4.446876726759181e-06,0.0,9.20953243152987e-06,0.0,0.0
0.008626676423414324,0.0,2.3729293563220404e-07,0.0,0.0
5.2474086601715104e-05,0.0,1.7845857987892943e-06,0.0,0.0
2.366035339989732e-05,0.0,8.5158135166987e-08,0.0,0.0
1.31906208762726e-05,0.0,0.02559855121159945,0.0,0.0
2.04119314489484e-06,0.0,6.035404874166516e-07,0.0,0.0
3.830785037326508e-06,0.0,8.339085444039251e-07,0.0,0.0
0.0023814472950555747,0.0,5.0760690487692223e-08,0.0,0.0
0.00019686150278741213,0.0,7.092452417157603e-05,0.0,0.0
0.009616957441361332,0.0,0.0011908869610677008,0.0,1.0
9.137256074134473e-06,0.0,2.925779530339974e-07,0.0,0.0
0.05465462303722856,0.0,1.2741092172316011e-06,0.0,0.0
0.0006017223510938574,0.0,0.006227090802486285,0.0,1.0
1.470475498753125e-05,0.0,4.758890392427412e-06,0.0,0.0
0.00013977897680694158,0.0,5.8001426037648295e-06,0.0,0.0
1.5365426442018832e-05,0.0,1.0107514083679259e-07,0.0,0.0
0.08912220114107608,0.0,0.9999996365417056,1.0,0.0
4.567812272352745e-08,0.0,5.585830590953108e-08,0.0,0.0
0.0012784784961159278,0.0,2.862041174355889e-07,0.0,0.0
4.095692608396657e-06,0.0,7.032917117293432e-08,0.0,0.0
0.0008127453642119271,0.0,1.2442324330999595e-06,0.0,0.0
2.7388940178258555e-05,0.0,0.0001891038548507356,0.0,2.0
0.0038191041451661615,0.0,8.532369745891924e-08,0.0,0.0
5.0992471246755664e-05,0.0,8.514626043604064e-08,0.0,0.0
1.381574144149731e-06,0.0,0.0004379013096415228,0.0,0.0
6.51059072655796e-10,0.0,0.00012490332102020913,0.0,0.0
1.9286416918427497e-06,0.0,6.837798945605318e-08,0.0,0.0
0.00031949691686141297,0.0,3.46520233035278e-07,0.0,0.0
0.00013474492666415018,0.0,2.005238819594493e-07,0.0,0.0
5.021264702169887e-06,0.0,2.2851942896676212e-05,0.0,0.0
0.0006834976813374714,0.0,3.272507034259635e-06,0.0,0.0
9.499508051391991e-05,0.0,0.0001626427724499374,0.0,0.0
7.057828741269392e-10,0.0,4.149630338720125e-06,0.0,0.0
3.800669947859294e-07,0.0,2.712433576110438e-10,0.0,0.0
0.0008081514318740283,0.0,0.9192515416750129,1.0,0.0
3.9828815277349536e-05,0.0,4.6598918690720116e-07,0.0,0.0
0.009009032404658791,0.0,1.8262509592187377e-06,0.0,1.0
2.3184479912732976e-07,0.0,1.3708117126882967e-07,0.0,0.0
9.42500338088992e-06,0.0,1.3708138458520818e-07,0.0,0.0
1.0907416731007503e-05,0.0,8.366152863563209e-08,0.0,0.0
9.61323925874586e-07,0.0,3.511176253482783e-06,0.0,0.0
2.8176999055986857e-05,0.0,5.109947672658161e-09,0.0,0.0
4.5155728265291636e-08,0.0,0.0003460975263954863,0.0,0.0
1.482408096979876e-05,0.0,7.604722572203636e-09,0.0,0.0
1.3693752982495773e-05,0.0,3.322027470151602e-07,0.0,0.0
0.026416844226351162,0.0,0.9726926232159748,1.0,1.0
1.3613259943299568e-05,0.0,1.366859994632668e-07,0.0,0.0
0.0007727419765091066,0.0,5.3454479336953466e-08,0.0,0.0
2.0166089943827434e-08,0.0,5.109955179308067e-09,0.0,0.0
1.4435700837224704e-08,0.0,1.370811711155626e-07,0.0,0.0
4.12008771323635e-06,0.0,0.0002545441101211594,0.0,0.0
0.000360784857960996,0.0,5.603848375442797e-08,0.0,0.0
3.889359585254669e-05,0.0,1.293576923758175e-08,0.0,0.0
1.1269003578306964e-07,0.0,1.5758405796300146e-07,0.0,0.0
5.659105343889506e-06,0.0,0.0046160440445000206,0.0,0.0
1.0887222205759655e-07,0.0,5.7518771273410075e-05,0.0,0.0
2.0116619628889894e-07,0.0,9.070405778507808e-08,0.0,0.0
8.705135755087971e-05,0.0,2.558570381474371e-06,0.0,0.0
9.076254742551365e-05,0.0,1.2935438774978968e-08,0.0,0.0
0.2238100538430898,0.0,1.368803596215689e-07,0.0,0.0
0.04580194699847699,0.0,2.1384514359600572e-07,0.0,0.0
8.26984766162217e-05,0.0,0.00016010059066138372,0.0,0.0
0.0003842986304898183,0.0,6.662098922394505e-06,0.0,0.0
6.960890086307395e-05,0.0,0.18146116906256993,0.0,0.0
0.16963463401462026,0.0,0.006268319040434686,0.0,1.0
5.2172288613665086e-05,0.0,1.8262509592187377e-06,0.0,0.0
0.35974596907638007,0.0,0.0012112825343078128,0.0,1.0
2.80150822061685e-07,0.0,1.914208376995697e-05,0.0,0.0
0.0016903115056834768,0.0,0.0031361660202599557,0.0,0.0
0.00020915901294597114,0.0,6.612507997657274e-05,0.0,0.0
8.384485248353333e-05,0.0,8.417826323158775e-09,0.0,0.0
1.1037729759885764e-10,0.0,1.7233632349179667e-08,0.0,0.0
4.966001441759107e-06,0.0,5.109955179308067e-09,0.0,0.0
1.1257119104126255e-05,0.0,1.5483829414730572e-05,0.0,0.0
0.008464934414950949,0.0,5.186710658015761e-06,0.0,0.0
0.0001435316768364369,0.0,0.0005221608091803997,0.0,0.0
0.00046496121329464265,0.0,0.01224607185152416,0.0,0.0
0.008464934414950949,0.0,2.2561086055716307e-07,0.0,0.0
1.1685941763124357e-08,0.0,3.195753266668052e-08,0.0,0.0
0.0414972997514831,0.0,7.530717556346555e-07,0.0,0.0
0.01672615657314695,0.0,7.533484379405381e-06,0.0,1.0
7.012016360041009e-05,0.0,1.0052873510999013e-07,0.0,0.0
0.44092495107710616,0.0,0.002735589503173146,0.0,1.0
2.524021447643159e-05,0.0,4.363298387649262e-08,0.0,0.0
0.00013651093645923086,0.0,5.8732247826511675e-09,0.0,0.0
0.016050412702316982,0.0,1.8920955125113042e-07,0.0,0.0
0.006626104173479768,0.0,5.380621013117905e-07,0.0,0.0
2.903250639058261e-07,0.0,2.2923643945641243e-08,0.0,0.0
0.087022719709398,0.0,0.30182088153171066,0.0,0.0
1.2151085681936425e-08,0.0,3.806537452342923e-06,0.0,0.0
0.2420686864293824,0.0,0.00019963487435495415,0.0,1.0
0.00024315403618124958,0.0,2.811272169482746e-07,0.0,0.0
0.04260876633346851,0.0,3.4193095401673374e-08,0.0,0.0
0.0001425327977638705,0.0,0.002920322557319504,0.0,0.0
5.911089556987572e-06,0.0,2.5309498637014524e-08,0.0,0.0
1.212698746981509e-06,0.0,4.0344534878374687e-07,0.0,0.0
2.954711299280555e-07,0.0,1.9496083218636553e-07,0.0,0.0
1.3830745327894007e-05,0.0,8.288826389602818e-09,0.0,0.0
6.55231004126784e-06,0.0,8.969020712355217e-08,0.0,0.0
0.0004261385430666721,0.0,1.36952681583471e-07,0.0,0.0
8.833621924389956e-06,0.0,1.876771519934191e-08,0.0,0.0
7.98188579455379e-06,0.0,1.4851568702101718e-05,0.0,0.0
0.01760595532626515,0.0,1.257029103152137e-06,0.0,1.0
0.0014665506669349247,0.0,2.5679920371731592e-05,0.0,0.0
5.446491720183887e-06,0.0,6.170850127095222e-06,0.0,0.0
3.231684067061722e-08,0.0,1.3688844782566946e-07,0.0,0.0
2.6457262537915325e-05,0.0,8.274866779087238e-08,0.0,0.0
3.1394162713578493e-07,0.0,1.3719229734026785e-07,0.0,0.0
1.842454059799609e-05,0.0,0.0001607977771196625,0.0,0.0
3.4415275258733805e-06,0.0,4.259955153718349e-07,0.0,0.0
3.915558708847524e-06,0.0,3.874375630335171e-06,0.0,0.0
2.3178337413926234e-07,0.0,1.3265537516371654e-08,0.0,0.0
1.1071692346063289e-05,0.0,5.516417813271691e-06,0.0,0.0
0.15707443171385496,0.0,0.9999992095952271,1.0,2.0
0.00011065144968543554,0.0,1.4505648771737229e-07,0.0,0.0
0.0007194396652848114,0.0,0.0004960807295813886,0.0,0.0
7.221379170801053e-06,0.0,1.3708128385205506e-07,0.0,0.0
4.0855017604682657e-07,0.0,6.454272019062332e-08,0.0,0.0
4.456515793660672e-06,0.0,2.9633508209270893e-08,0.0,0.0
0.18330021930834153,0.0,1.385129563211908e-06,0.0,0.0
0.02292404537239448,0.0,1.5651508883405527e-08,0.0,0.0
3.523496037233682e-05,0.0,0.0026378247826112,0.0,0.0
0.3410698488386895,0.0,2.90575503347994e-08,0.0,1.0
1.2447970167983237e-05,0.0,1.293576923758175e-08,0.0,0.0
2.8038268865552355e-07,0.0,1.0466625366063077e-07,0.0,0.0
0.034198489394939365,0.0,2.223028433681783e-05,0.0,0.0
0.356530247057242,0.0,1.3708128385205506e-07,0.0,0.0
2.2325892480120558e-08,0.0,6.373652873836438e-08,0.0,0.0
0.0004103935556518477,0.0,2.504718862813708e-06,0.0,0.0
9.15741040469841e-06,0.0,6.0256690405909045e-05,0.0,0.0
1.345074586270357e-05,0.0,6.475777421341287e-06,0.0,0.0
2.389064278660211e-07,0.0,1.0156038133021584e-05,0.0,0.0
0.006391872044296946,0.0,0.0008162835458252161,0.0,1.0
8.74892589953814e-05,0.0,0.0007662027872757208,0.0,0.0
1.8140244052784198e-07,0.0,1.4368266279945824e-05,0.0,0.0
5.652811109463279e-05,0.0,2.558570381474371e-06,0.0,0.0
8.503347186321365e-05,0.0,1.3695268159892363e-07,0.0,0.0
5.968047583826915e-05,0.0,3.299910950918587e-09,0.0,0.0
5.818347639074453e-05,0.0,2.563038716380002e-07,0.0,0.0
0.0002738998090190234,0.0,0.0006276897604582937,0.0,0.0
0.1050235665208579,0.0,2.6100015124968566e-07,0.0,0.0
7.335107269742576e-08,0.0,2.092617007254292e-09,0.0,0.0
7.46326159919735e-05,0.0,7.254875789607812e-09,0.0,0.0
9.244445438314483e-07,0.0,4.490836933128136e-08,0.0,0.0
4.1305649022030606e-07,0.0,7.40934842867271e-09,0.0,0.0
2.520038913612308e-06,0.0,0.0017163489533739034,0.0,0.0
1.3904556125857225e-07,0.0,8.36339301146237e-08,0.0,0.0
5.852749170468724e-07,0.0,1.866124143711569e-09,0.0,0.0
4.210358186293167e-07,0.0,3.1606138628218864e-07,0.0,0.0
0.00028354276295821003,0.0,4.217803375829408e-06,0.0,0.0
8.720609060121093e-06,0.0,1.622390081789071e-08,0.0,0.0
7.888794642594704e-05,0.0,1.8684139120269174e-08,0.0,0.0
1.8308883465573188e-05,0.0,6.576220810796614e-06,0.0,0.0
0.0019811987016468283,0.0,0.00011165966095824989,0.0,0.0
0.011897898348249251,0.0,0.001465356844007096,0.0,0.0
0.0003546439504170334,0.0,3.0468464389592067e-06,0.0,0.0
4.268734106057582e-06,0.0,2.7255166434557124e-05,0.0,0.0
6.429159253625822e-08,0.0,4.890045031706547e-06,0.0,0.0
0.007380625298836042,0.0,0.00015971066361288554,0.0,0.0
8.814363812073192e-06,0.0,4.164207918084212e-09,0.0,0.0
1.1351566651977284e-06,0.0,1.2694306166412652e-08,0.0,0.0
1.2552686607623407e-05,0.0,4.066495051470731e-09,0.0,1.0
0.3854080606312706,0.0,7.6159920393004045e-06,0.0,1.0
7.796171453389637e-05,0.0,4.376526937341315e-06,0.0,0.0
0.47222756485053374,0.0,8.218624822970405e-07,0.0,0.0
0.4116948403572924,0.0,3.391276901796689e-07,0.0,1.0
0.0002266023046617916,0.0,3.1403855793553005e-08,0.0,0.0
1.4757572067442745e-05,0.0,6.303580665405976e-07,0.0,0.0
8.996364194888867e-05,0.0,2.2997128597792893e-06,0.0,0.0
9.203186742716525e-05,0.0,1.8584916859587954e-08,0.0,0.0
0.00030632757510786656,0.0,0.00043454273530475724,0.0,2.0
8.77096032720559e-05,0.0,5.882860837023367e-08,0.0,0.0
0.001645103643555527,0.0,6.71155662609545e-05,0.0,2.0
0.0004558347197905265,0.0,7.318828788814238e-08,0.0,0.0
0.000991899681481509,0.0,2.4357198416935426e-08,0.0,0.0
0.4372775316550244,0.0,0.9991328700879047,1.0,0.0
0.0006387112903268819,0.0,8.592516328563795e-08,0.0,0.0
0.005360248131923043,0.0,2.461989018728356e-07,0.0,0.0
3.180227497006344e-06,0.0,6.480933435551989e-09,0.0,0.0
0.017906062937566126,0.0,0.0034205046016305587,0.0,2.0
0.001406311149709523,0.0,3.9798216449735544e-07,0.0,0.0
0.0007115906380505356,0.0,1.7705732805438968e-08,0.0,0.0
0.00012712533873954137,0.0,3.3552707782911515e-09,0.0,0.0
0.005965839805036801,0.0,6.843287832170319e-10,0.0,0.0
0.0015576743580456437,0.0,4.0907655925465645e-07,0.0,0.0
9.3073937219361e-09,0.0,1.2201267214788135e-09,0.0,0.0
4.443489746191853e-06,0.0,4.536982195867162e-08,0.0,0.0
3.926422654609524e-05,0.0,1.6007593765337474e-06,0.0,0.0
3.0873916383395842e-06,0.0,3.105377195097723e-08,0.0,0.0
0.00015585896373875737,0.0,2.2992749836393504e-06,0.0,0.0
4.088729871622915e-08,0.0,7.577374737619899e-08,0.0,0.0
0.03659324542415775,0.0,4.273561359741938e-07,0.0,0.0
0.00015074424181201474,0.0,5.201560449944551e-08,0.0,0.0
1.7092918904839452e-07,0.0,2.1793396023453395e-08,0.0,0.0
0.055893617419074296,0.0,9.28722040962084e-09,0.0,0.0
6.109529115463988e-06,0.0,1.0338454486705667e-07,0.0,0.0
0.00013180105627620957,0.0,1.6948293054197623e-05,0.0,0.0
0.0010600756118275205,0.0,4.634572321097102e-06,0.0,0.0
0.00022557249736948975,0.0,2.2996184495140316e-06,0.0,0.0
6.164638494134847e-06,0.0,5.796678751588734e-08,0.0,0.0
1.00278338061122e-07,0.0,1.7137410890005684e-07,0.0,0.0
0.122082534522056,0.0,3.6921951077701613e-08,0.0,0.0
0.00020852976810808912,0.0,3.1585929639297994e-07,0.0,1.0
0.0023465177331480004,0.0,3.47574609172508e-06,0.0,0.0
1.5383500468108136e-08,0.0,1.742364401336873e-07,0.0,0.0
0.000621764637030123,0.0,7.393410306395354e-06,0.0,0.0
5.077599679050931e-05,0.0,3.3841156420641123e-09,0.0,0.0
0.00010992828525039868,0.0,4.107386296875285e-06,0.0,0.0
0.14713530286324844,0.0,5.5134682175653e-05,0.0,0.0
2.463952866034492e-06,0.0,4.987678293445235e-09,0.0,0.0
0.02957475401623628,0.0,0.0023952057219393513,0.0,0.0
0.05720460155953722,0.0,5.6695307455267075e-08,0.0,0.0
0.0883224236625676,0.0,4.163966473743395e-06,0.0,1.0
0.06248780440714957,0.0,1.1689337492505662e-06,0.0,0.0
0.0003466246533825392,0.0,4.9039988213439436e-08,0.0,0.0
9.609206201844894e-06,0.0,0.000456387004443338,0.0,0.0
2.6827930842094027e-07,0.0,6.843287832170319e-10,0.0,0.0
0.00039708200624551234,0.0,2.471427019202455e-07,0.0,0.0
1.506510526419683e-07,0.0,0.0001815484206328848,0.0,0.0
2.071452906243792e-05,0.0,1.8684132501345507e-08,0.0,0.0
4.913576897162573e-09,0.0,1.2838043683242303e-08,0.0,0.0
0.016074436438347824,0.0,3.3974549721329924e-06,0.0,0.0
3.998259761010617e-05,0.0,1.3458119236055597e-05,0.0,0.0
3.7158499528722686e-05,0.0,2.4204909082826615e-08,0.0,0.0
0.00014254827686123342,0.0,5.9375356644439996e-09,0.0,0.0
8.322059179604565e-06,0.0,9.726615313220647e-09,0.0,0.0
6.103618327519645e-05,0.0,1.0500423388389731e-05,0.0,0.0
5.787273572154268e-06,0.0,2.2722922428291e-08,0.0,0.0
2.4934515192373945e-06,0.0,3.98813908422498e-08,0.0,0.0
0.33286315623423823,0.0,0.0007401947838076948,0.0,0.0
5.145690156927488e-05,0.0,1.6604320802741908e-07,0.0,0.0
3.434752204528173e-05,0.0,0.0035104075233222524,0.0,0.0
5.610195138798468e-06,0.0,1.0585122943790598e-07,0.0,0.0
1.0770917306141799e-06,0.0,0.9615058770693354,1.0,2.0
0.00036475936969676006,0.0,0.000624842842171903,0.0,0.0
1.5355549607866822e-08,0.0,5.634541092296862e-07,0.0,0.0
6.914439809822824e-05,0.0,1.236170483398238e-08,0.0,0.0
5.616302135752905e-07,0.0,3.710868811683282e-07,0.0,0.0
6.747370010318597e-07,0.0,3.782256102929698e-05,0.0,0.0
3.4426908428985767e-06,0.0,1.8683652981498083e-08,0.0,0.0
5.500422177048284e-06,0.0,0.00014321171576083235,0.0,0.0
0.00058476478215711,0.0,1.6053284446451159e-07,0.0,1.0
9.497434856204788e-08,0.0,1.9323294426402356e-08,0.0,0.0
0.0038401352335235496,0.0,5.269240619949763e-05,0.0,1.0
2.129704450172298e-06,0.0,1.868365501311369e-08,0.0,0.0
0.2725884446602332,0.0,1.4500127132917858e-09,0.0,0.0
0.00010304424716897996,0.0,1.742364401336873e-07,0.0,0.0
0.00010204714589206679,0.0,4.3182216110471385e-08,0.0,0.0
0.0005001344923461014,0.0,3.276391508959383e-06,0.0,0.0
0.002174905902493848,0.0,0.004175441301463571,0.0,1.0
2.6192992749194675e-05,0.0,4.454275694941908e-07,0.0,0.0
0.00011130010036669398,0.0,2.650383430295719e-07,0.0,0.0
1.2443033744532661e-05,0.0,2.2736754087735988e-07,0.0,0.0
0.0002592599911947896,0.0,2.7695994489657276e-08,0.0,0.0
0.0048655767068496655,0.0,3.938018506719082e-08,0.0,0.0
6.797194425194649e-06,0.0,2.806992727001863e-05,0.0,0.0
1.7880223705957002e-06,0.0,0.004010509234688332,0.0,0.0
1.5362954305161895e-06,0.0,4.998637459427718e-07,0.0,0.0
3.1483622412060818e-06,0.0,1.830886597918717e-08,0.0,0.0
0.0006736738506749523,0.0,4.009681769861571e-06,0.0,0.0
8.857030571697151e-05,0.0,3.537749213936058e-07,0.0,0.0
9.86190742383789e-06,0.0,2.1655251644999133e-08,0.0,0.0
2.0291683693012412e-06,0.0,5.820359075277665e-08,0.0,0.0
0.00014281316324057537,0.0,4.6088905144541227e-07,0.0,0.0
0.0015152131122994261,0.0,4.993949392986696e-07,0.0,0.0
0.0012480093755041079,0.0,0.0064763800818077215,0.0,0.0
7.534452373210301e-08,0.0,8.475441151431557e-06,0.0,0.0
0.000650130824984493,0.0,5.853974507144264e-06,0.0,0.0
6.956721183841251e-07,0.0,5.542726454061036e-06,0.0,0.0
6.662197169787277e-07,0.0,9.488690140049889e-09,0.0,0.0
0.000547719821227811,0.0,1.0491198670856156e-06,0.0,0.0
0.001506127055760436,0.0,3.239684209993292e-07,0.0,0.0
0.0029547653684374683,0.0,0.00011181757087192238,0.0,0.0
9.664454167789162e-05,0.0,1.1069709287599215e-05,0.0,0.0
1.3463721169201128e-06,0.0,2.9623845840446205e-08,0.0,0.0
1.2861012403547558e-07,0.0,4.320174013195706e-06,0.0,0.0
0.00017421898627309687,0.0,4.51522641112907e-07,0.0,0.0
3.897708896962006e-06,0.0,4.693387003289568e-07,0.0,0.0
9.156713136595644e-05,0.0,3.450359677393168e-08,0.0,0.0
0.033805202757312226,0.0,3.0781024752751666e-08,0.0,0.0
0.011711761092673105,0.0,0.5001353036907724,1.0,0.0
6.392393998876641e-05,0.0,3.111907814575015e-05,0.0,0.0
9.664454167716965e-05,0.0,1.4430884766764162e-05,0.0,0.0
3.3329919547201315e-08,0.0,3.6581485539288984e-09,0.0,0.0
0.0006422386149827809,0.0,4.2257862750239914e-05,0.0,0.0
0.05449327017707973,0.0,5.692561335369633e-06,0.0,0.0
1.8537494128983572e-06,0.0,2.8614071584752083e-07,0.0,0.0
4.1188494692354515e-06,0.0,1.1684050045112948e-08,0.0,0.0
0.010171595330000002,0.0,9.701536121768729e-07,0.0,0.0
6.781967831810888e-06,0.0,7.760738561147375e-08,0.0,0.0
0.001232140146875045,0.0,1.9227185534928004e-07,0.0,0.0
4.57860161856714e-06,0.0,7.803664036136788e-06,0.0,0.0
0.0005038712592613495,0.0,3.558592345340842e-06,0.0,0.0
0.006758890639145654,0.0,1.5887634829312996e-07,0.0,0.0
6.385320604093898e-06,0.0,4.321480998572572e-06,0.0,0.0
8.838513637374628e-06,0.0,9.042318595332673e-07,0.0,0.0
0.00014860826167008566,0.0,2.5995388778365252e-06,0.0,0.0
7.813725950935028e-06,0.0,0.7654653999460488,1.0,2.0
1.5572387365314994e-06,0.0,2.065022529362667e-05,0.0,0.0
0.00046603327936808994,0.0,5.579987615174174e-06,0.0,0.0
4.551641199477714e-05,0.0,2.9311154589906446e-06,0.0,0.0
0.00012216757395191858,0.0,5.0298522157065914e-08,0.0,0.0
0.006640270431031172,0.0,3.002494406626881e-08,0.0,0.0
1.092649694112881e-07,0.0,3.915232795353687e-06,0.0,0.0
1.1141626188197013e-08,0.0,3.163298463186899e-07,0.0,0.0
0.0003767126945328542,0.0,1.3383189565505266e-07,0.0,0.0
0.005088364374083865,0.0,5.161804991877511e-08,0.0,0.0
0.027689100412951136,0.0,2.760653573055426e-08,0.0,1.0
3.402594542757871e-08,0.0,9.092979973641348e-09,0.0,0.0
1.409951952467001e-05,0.0,0.0010306475225259563,0.0,0.0
4.228835865950866e-06,0.0,1.552410147035192e-08,0.0,0.0
3.402594542757871e-08,0.0,3.167800724843338e-07,0.0,0.0
3.962822925948439e-07,0.0,3.189141359358287e-08,0.0,0.0
3.862641729628214e-05,0.0,2.319860490272415e-05,0.0,0.0
0.003229187850178644,0.0,0.004574124681803315,0.0,0.0
0.0001493077151499005,0.0,5.856489410419011e-06,0.0,0.0
1.329200647990545e-06,0.0,8.891803816072496e-05,0.0,1.0
1.539597243529033e-05,0.0,2.658456612910475e-09,0.0,0.0
0.2882400847222899,0.0,0.00025979116871050053,0.0,1.0
4.5966134390917855e-05,0.0,1.9672676934195565e-08,0.0,0.0
0.0031734446931149904,0.0,1.9258986887780544e-06,0.0,0.0
1.6565661489647782e-07,0.0,1.0611246056967296e-06,0.0,0.0
4.260831159361295e-05,0.0,2.498514619734779e-08,0.0,0.0
0.004038936607784085,0.0,1.5938044578944786e-05,0.0,0.0
4.546953131195355e-06,0.0,4.888153588581203e-06,0.0,0.0
0.0010818994005113625,0.0,6.106818381587163e-06,0.0,0.0
0.0015189607393592988,0.0,0.01593477800114298,0.0,0.0
4.513128433474203e-06,0.0,4.3560305162864584e-07,0.0,0.0
0.00039000118247143787,0.0,2.313256888552361e-05,0.0,1.0
0.00015768147950294935,0.0,0.0003891771659781523,0.0,0.0
1.7817860512049245e-06,0.0,0.0018102961496827316,0.0,0.0
0.0012502696745710171,0.0,1.5463175750143426e-07,0.0,0.0
0.00013132380970880554,0.0,5.501852010499652e-07,0.0,0.0
2.53086826126536e-05,0.0,4.760561419432476e-07,0.0,0.0
0.00019129179537220436,0.0,4.301129594091315e-06,0.0,0.0
6.051099908190304e-07,0.0,7.2163619769846825e-09,0.0,0.0
0.0001116267651487925,0.0,2.159769729045087e-08,0.0,0.0
8.277417414394933e-06,0.0,1.14716356050929e-06,0.0,0.0
2.365349869850239e-05,0.0,1.5516067459453672e-08,0.0,0.0
7.566774414568227e-07,0.0,0.0018113001143596156,0.0,0.0
1.2802376920055441e-05,0.0,1.810442470806307e-05,0.0,0.0
0.008440801920314753,0.0,0.00012781577542756827,0.0,0.0
0.07965546708799887,0.0,2.1824265435079412e-08,0.0,0.0
4.4115291508600713e-07,0.0,3.588792407097672e-07,0.0,0.0
9.544099985918993e-06,0.0,8.20565242590648e-06,0.0,0.0
0.0034543759902220823,0.0,7.845622949033494e-07,0.0,0.0
0.008948578786269302,0.0,0.0006206178448639985,0.0,1.0
0.08594023411093549,0.0,0.00023915614883230195,0.0,0.0
4.304280585101806e-05,0.0,8.623674466726471e-06,0.0,0.0
2.792020226210716e-05,0.0,1.1946476112256983e-05,0.0,0.0
0.0009749685511172085,0.0,1.8208873798676075e-08,0.0,0.0
0.0005898392333798371,0.0,3.0951294585693033e-07,0.0,0.0
8.819658439950366e-05,0.0,3.189170344127788e-08,0.0,0.0
0.031161285236978455,0.0,3.3995572226776506e-08,0.0,0.0
0.0018340459073866537,0.0,6.034269083514337e-08,0.0,0.0
0.00019787143943148481,0.0,1.9385891402637927e-06,0.0,0.0
8.818504234538785e-05,0.0,2.7147509687680583e-07,0.0,0.0
0.002519320242736691,0.0,2.1153702813837205e-09,0.0,0.0
0.0002866918621823426,0.0,5.859133829725213e-08,0.0,0.0
3.402594542757871e-08,0.0,8.213943687398025e-06,0.0,0.0
1.3637467330610048e-06,0.0,4.375692181294649e-07,0.0,0.0
1.1098592466339902e-05,0.0,1.3987299487468984e-08,0.0,0.0
0.00028555322559402607,0.0,7.916272461844673e-05,0.0,0.0
0.0021066166223344452,0.0,0.005959920882972222,0.0,0.0
0.07557168864027632,0.0,1.7907117698411023e-10,0.0,0.0
9.549369920151334e-06,0.0,2.7996747455680434e-07,0.0,0.0
0.00019521074699059308,0.0,3.09684540263957e-07,0.0,0.0
0.0032002048633550935,0.0,0.001304526193415992,0.0,0.0
0.00013920395913752024,0.0,0.005791534821700589,0.0,0.0
1.6642644895433076e-07,0.0,3.40774902172143e-07,0.0,0.0
0.6332528559007738,0.0,9.730640757858472e-07,0.0,1.0
0.00029686095405593156,0.0,2.2322820980005665e-05,0.0,0.0
9.305643733400682e-05,0.0,3.976251982686674e-06,0.0,0.0
9.347305327820174e-07,0.0,2.1153702813837205e-09,0.0,0.0
4.5560297017741037e-07,0.0,2.622100244565346e-07,0.0,0.0
3.509144955686173e-05,0.0,1.8991012673829084e-06,0.0,0.0
0.0049953295581254805,0.0,2.997304757401277e-08,0.0,0.0
3.4025859124005525e-08,0.0,6.4727490935917e-05,0.0,0.0
9.20519188088255e-05,0.0,3.45729724268628e-07,0.0,0.0
3.8977088969609666e-06,0.0,3.103910575486349e-07,0.0,0.0
9.718407309663216e-07,0.0,1.2652797396385413e-08,0.0,0.0
4.476063951715064e-05,0.0,5.334082307332557e-10,0.0,0.0
0.0016270066669655295,0.0,5.195820090825147e-06,0.0,0.0
2.922366271143985e-08,0.0,6.561710314293506e-08,0.0,2.0
1.4773960067814802e-06,0.0,0.0001522839611370449,0.0,0.0
5.808612304525166e-07,0.0,0.00015174214052574698,0.0,0.0
4.044433203466751e-05,0.0,2.6121522960161707e-07,0.0,0.0
0.0052068731079131375,0.0,3.143107515128127e-05,0.0,0.0
0.00019690123038445292,0.0,1.46207991747895e-06,0.0,0.0
4.145733539974701e-08,0.0,5.292745073560438e-09,0.0,0.0
4.843241848783728e-09,0.0,2.0289262867009106e-08,0.0,0.0
0.3986801040761729,0.0,0.0008177650508787834,0.0,0.0
1.0845872349140088e-05,0.0,1.7405621074617714e-06,0.0,0.0
2.983754506575047e-05,0.0,2.7605533759235487e-06,0.0,1.0
4.4079104251317866e-08,0.0,6.07603954932508e-09,0.0,0.0
2.192955600343722e-07,0.0,8.706977118973786e-07,0.0,0.0
0.00029781678645485443,0.0,1.6894705653714044e-08,0.0,0.0
0.008831714486278557,0.0,6.040227854536304e-06,0.0,0.0
0.07567276287183644,0.0,0.12981055640738995,0.0,2.0
9.603854562943266e-09,0.0,3.254301712313192e-07,0.0,0.0
0.4250115762731523,0.0,5.349323128604309e-09,0.0,0.0
3.0348048579250817e-08,0.0,1.5486851609175416e-07,0.0,0.0
0.09688504864818663,0.0,0.7662782325222447,1.0,0.0
1.5050345535981438e-05,0.0,4.036719082009255e-07,0.0,0.0
0.00027375116255419144,0.0,0.0004905440357247099,0.0,0.0
0.00011283551637430218,0.0,8.61943557638563e-06,0.0,0.0
3.0578870096562375e-08,0.0,7.739346751742942e-08,0.0,0.0
0.0015217573006947066,0.0,1.299089609205032e-07,0.0,0.0
0.00028694903055053177,0.0,7.544852338624126e-08,0.0,0.0
8.022533784964218e-05,0.0,1.954476080334172e-06,0.0,0.0
0.00015364056584401907,0.0,0.00011065179978327252,0.0,0.0
0.0009651828721490311,0.0,7.469987006154781e-08,0.0,0.0
3.159022907161015e-05,0.0,1.0522014345762962e-06,0.0,0.0
1.8765967339920067e-09,0.0,1.4756939342045701e-08,0.0,0.0
0.0005176185209050224,0.0,0.05360808292939445,0.0,0.0
9.488373463564452e-05,0.0,2.5097780892734685e-05,0.0,0.0
3.5678412791366894e-06,0.0,7.544848025825792e-08,0.0,0.0
9.846941894573376e-05,0.0,5.1716161386519414e-09,0.0,0.0
7.209536226777589e-10,0.0,0.009745222750473823,0.0,0.0
1.7385408642526985e-06,0.0,2.33917843752089e-07,0.0,0.0
1.0224089998754792e-08,0.0,5.857906823024164e-06,0.0,0.0
7.815033706177654e-06,0.0,5.58188781031955e-07,0.0,0.0
0.00011936988639434562,0.0,0.00010741424410470234,0.0,0.0
0.00014061961373485182,0.0,6.201248114807393e-07,0.0,0.0
6.267350872108852e-07,0.0,1.9384242918711927e-08,0.0,0.0
0.0013981167634798948,0.0,1.4713407635030687e-08,0.0,0.0
8.999398984507075e-05,0.0,0.00017769199806608882,0.0,0.0
0.002228692067475439,0.0,1.4332434557666583e-06,0.0,0.0
2.0310751864234537e-06,0.0,2.7618423515407676e-07,0.0,0.0
6.727538431472532e-09,0.0,8.769006039836172e-10,0.0,0.0
1.602703656908008e-05,0.0,7.471181227102102e-08,0.0,0.0
8.808593892706102e-08,0.0,2.285016166607972e-08,0.0,0.0
0.0001746534449271798,0.0,7.471178864566062e-08,0.0,0.0
4.2856643086212003e-07,0.0,4.563139798186228e-07,0.0,0.0
4.549366831574996e-05,0.0,5.3495927989802435e-09,0.0,0.0
7.470139876990149e-05,0.0,6.04188260975888e-06,0.0,0.0
1.0285674526486713e-06,0.0,0.00010891542280164356,0.0,0.0
0.00047906885804549227,0.0,1.8403042554283681e-06,0.0,0.0
0.00025506791385007107,0.0,1.8782332113974036e-08,0.0,0.0
3.283761520206253e-08,0.0,1.740401556649388e-06,0.0,0.0
0.0005190143569150324,0.0,0.0010827656301753085,0.0,0.0
0.3714624181892184,0.0,5.5810121605043925e-06,0.0,0.0
1.2184867325197669e-05,0.0,5.545088150267489e-07,0.0,0.0
0.0008568318350243933,0.0,2.6565558467760967e-09,0.0,0.0
2.443484807215327e-08,0.0,7.188786065464679e-08,0.0,0.0
3.403447818472894e-06,0.0,0.03482012490775537,0.0,0.0
0.001180191609807415,0.0,1.246843545082107e-06,0.0,0.0
3.837495863598938e-05,0.0,4.0073761960461866e-09,0.0,0.0
0.0015226124983042137,0.0,2.446320289996722e-05,0.0,0.0
0.0004322965916127109,0.0,4.606253283693766e-05,0.0,0.0
1.3927231816117666e-09,0.0,6.548116103060094e-06,0.0,0.0
5.9487709393308115e-06,0.0,8.057972954020453e-08,0.0,0.0
7.822082691583128e-07,0.0,7.890418951189445e-08,0.0,0.0
1.7315783395341862e-06,0.0,8.483967433329296e-07,0.0,0.0
0.005007588555971815,0.0,7.926321211301001e-06,0.0,1.0
0.00020920861657845502,0.0,4.563139798078039e-07,0.0,0.0
0.0007474991345381603,0.0,7.471209893081333e-08,0.0,0.0
6.021612781069525e-07,0.0,0.00367859825473878,0.0,0.0
2.4850418029415438e-08,0.0,3.143713285871611e-07,0.0,0.0
0.062296361668661586,0.0,1.52265973277727e-06,0.0,0.0
8.663746951324079e-05,0.0,6.286842187200804e-07,0.0,0.0
0.010935921693582608,0.0,4.83718646518791e-07,0.0,1.0
0.0026515454742008283,0.0,1.1702877293533277e-07,0.0,0.0
1.3420495845043722e-05,0.0,6.263921623501637e-06,0.0,0.0
5.033548774203691e-09,0.0,0.0004809037955077722,0.0,0.0
2.1907041386768844e-06,0.0,7.442815126630406e-08,0.0,0.0
1.6440718074524164e-05,0.0,2.896476566733255e-07,0.0,0.0
0.026572463791174138,0.0,4.6178595286044136e-07,0.0,0.0
5.046911425071333e-06,0.0,0.0011214949341019553,0.0,0.0
1.417028827084092e-05,0.0,9.949719826951593e-06,0.0,0.0
9.861175518024708e-05,0.0,1.0979955719097847e-07,0.0,0.0
2.0457555784242435e-05,0.0,6.421145683783719e-07,0.0,1.0
7.227322560413258e-06,0.0,6.4394805346147924e-06,0.0,0.0
5.631790693888566e-06,0.0,7.630349378975783e-08,0.0,0.0
2.462600664689916e-05,0.0,1.486537179382665e-07,0.0,0.0
0.00012230398895870034,0.0,6.5053399994892066e-06,0.0,0.0
1.2927629662339575e-05,0.0,3.161292612284953e-07,0.0,0.0
3.0446019248889124e-05,0.0,6.123228757170797e-06,0.0,0.0
0.0018030966769131257,0.0,3.590045143526221e-05,0.0,0.0
0.003272228066446707,0.0,6.521235673120236e-05,0.0,0.0
6.524993878734285e-05,0.0,1.4048831460385927e-06,0.0,0.0
0.00018087747972718058,0.0,1.8981749068077747e-07,0.0,0.0
4.059221072443838e-06,0.0,3.423576818850968e-08,0.0,0.0
1.0703531592231344e-05,0.0,1.538241110576438e-05,0.0,0.0
2.190452876726926e-05,0.0,0.0002937138131726794,0.0,0.0
0.002822614215070743,0.0,0.0002985141254618374,0.0,0.0
5.391586474225605e-07,0.0,1.94824910349689e-05,0.0,0.0
1.8328213340180298e-05,0.0,0.00030785676811102375,0.0,0.0
0.00023079583140202603,0.0,8.106617497043732e-06,0.0,0.0
5.535271502887792e-05,0.0,2.8565040792499053e-05,0.0,0.0
3.3865439757709555e-06,0.0,2.5529031439006003e-05,0.0,2.0
6.765555625842029e-06,0.0,1.6860862148300298e-06,0.0,0.0
0.0006924153733703755,0.0,5.350949933357586e-08,0.0,1.0
5.270114568525058e-05,0.0,0.0005655520672960416,0.0,0.0
1.1950211597562734e-06,0.0,2.8883903782552024e-10,0.0,0.0
0.0015134430405581846,0.0,1.5373976995284638e-06,0.0,0.0
0.001895023025788149,0.0,0.01943933297845157,0.0,0.0
2.428287017414351e-06,0.0,3.9948219541198527e-10,0.0,0.0
4.4102807876940173e-07,0.0,3.406346576256634e-07,0.0,0.0
4.962530505064002e-06,0.0,0.00011762016725940197,0.0,0.0
0.06194840406057659,0.0,3.380588669804922e-07,0.0,0.0
5.93506492761346e-06,0.0,6.378767977237997e-09,0.0,0.0
1.4377221610042847e-05,0.0,1.7611646962309415e-08,0.0,0.0
0.00029813193300811536,0.0,6.864361878507518e-08,0.0,0.0
3.594157446108958e-06,0.0,0.00017537154162744104,0.0,0.0
7.841270005638373e-09,0.0,5.600823368128265e-05,0.0,0.0
1.6716007645092692e-07,0.0,3.179821957267238e-06,0.0,0.0
2.401890699655882e-07,0.0,3.525679093175315e-07,0.0,0.0
0.003958529338297871,0.0,6.505343631463077e-07,0.0,0.0
0.0015124926475962239,0.0,3.669076737334782e-05,0.0,0.0
4.2437056058471236e-08,0.0,1.7028583816764532e-08,0.0,0.0
2.947867906460146e-05,0.0,2.1656572203356795e-07,0.0,0.0
1.3638765520617163e-05,0.0,3.714588907777938e-08,0.0,0.0
1.7981343608578886e-05,0.0,2.1656572203356795e-07,0.0,0.0
9.498288290030269e-07,0.0,3.1489835189378675e-06,0.0,0.0
3.2570334663578566e-07,0.0,8.862446350783493e-07,0.0,0.0
0.023494531061346993,0.0,4.0139861967248005e-06,0.0,0.0
0.00022627537551844982,0.0,6.8565868072047866e-09,0.0,0.0
2.5669898202054987e-05,0.0,1.1145122608006368e-06,0.0,0.0
4.611482078711895e-06,0.0,6.378771901980454e-09,0.0,0.0
2.1302938593166147e-08,0.0,1.7121284348680918e-06,0.0,0.0
2.183195995063488e-06,0.0,3.088034545922194e-05,0.0,0.0
0.09903474933432961,0.0,1.6936890387444043e-08,0.0,0.0
3.920614000964811e-05,0.0,4.0437544385472227e-07,0.0,0.0
4.1981416295856824e-07,0.0,4.915100463562553e-05,0.0,0.0
5.729401253036299e-07,0.0,3.3397599587173394e-05,0.0,0.0
0.0023537316454804286,0.0,0.0001708244120007738,0.0,0.0
5.008399972316494e-05,0.0,1.5864235146714767e-07,0.0,0.0
9.493574708948215e-06,0.0,6.686863246097096e-06,0.0,0.0
0.00016020063640474945,0.0,3.177011086576186e-06,0.0,0.0
3.3150663373196495e-06,0.0,8.327016394749281e-07,0.0,0.0
2.2277980885282663e-05,0.0,2.8879417201168067e-06,0.0,0.0
6.64406418181718e-06,0.0,0.008325139034781798,0.0,2.0
4.642474353534639e-06,0.0,6.448488602830724e-08,0.0,0.0
0.0011804283958866562,0.0,1.018216376264311e-05,0.0,0.0
1.1721086063729211e-06,0.0,1.452466686085264e-06,0.0,0.0
1.1981086095271218e-05,0.0,1.4893078874242585e-08,0.0,0.0
4.23256289813264e-05,0.0,1.8069165253765904e-08,0.0,0.0
9.61279165037392e-07,0.0,0.005099239375743425,0.0,0.0
8.876814629570031e-05,0.0,9.903781856281805e-06,0.0,1.0
0.0016479328992645664,0.0,4.290901058011634e-06,0.0,0.0
1.1326026244055539e-08,0.0,5.66647605413482e-06,0.0,0.0
0.25558215786343064,0.0,6.782984104282127e-07,0.0,0.0
6.128976276889471e-08,0.0,3.5803913358959905e-05,0.0,0.0
7.095018009899478e-05,0.0,0.0010289341113934134,0.0,0.0
1.5355852154663555e-08,0.0,1.8787335432070586e-08,0.0,0.0
2.742258113575124e-06,0.0,6.992207576786956e-08,0.0,0.0
5.418037807474375e-09,0.0,0.0002524599891860372,0.0,0.0
1.946660225546171e-06,0.0,0.00020385886440316936,0.0,2.0
0.005583302513432016,0.0,3.156033610910729e-06,0.0,0.0
1.1219120240454712e-05,0.0,0.0002874020844372612,0.0,0.0
5.029704071357396e-06,0.0,1.3515688927737795e-08,0.0,0.0
1.8524787093818256e-07,0.0,2.477328792133689e-08,0.0,0.0
3.5932405831749565e-06,0.0,1.3545949711201822e-08,0.0,0.0
0.021981859759005806,0.0,1.23551691715008e-07,0.0,0.0
9.113110137624127e-07,0.0,3.06559781704364e-08,0.0,0.0
2.542072784194934e-08,0.0,9.69030228359804e-07,0.0,0.0
1.600477506338932e-05,0.0,2.0639796758519651e-07,0.0,0.0
4.803692715567123e-08,0.0,3.4948923048391257e-07,0.0,0.0
0.0073779375900534065,0.0,2.614403542007832e-07,0.0,0.0
0.00034891533073788076,0.0,0.0004322483174877421,0.0,0.0
0.003637074932546703,0.0,3.7079373562650495e-07,0.0,0.0
0.14238313350956328,0.0,0.00032439273120385756,0.0,1.0
6.950176682735432e-06,0.0,3.210555644097586e-07,0.0,0.0
2.10705896294953e-05,0.0,9.500210204092929e-08,0.0,0.0
8.215189467087282e-08,0.0,0.0016845532352347474,0.0,0.0
0.010840769830166845,0.0,3.139224350290025e-06,0.0,1.0
2.5493789028522357e-05,0.0,1.5204910284286896e-08,0.0,0.0
4.13830342619004e-06,0.0,9.445821427860162e-08,0.0,0.0
0.00011089650914113579,0.0,8.715140653053133e-07,0.0,0.0
8.350020398140552e-08,0.0,3.851527328354243e-06,0.0,0.0
9.99137869570403e-06,0.0,3.248072959754731e-08,0.0,0.0
0.006278883366525012,0.0,2.0289178611797807e-06,0.0,0.0
7.554169006134968e-05,0.0,2.730847360570446e-07,0.0,0.0
3.116794765879199e-05,0.0,5.899797473871245e-06,0.0,0.0
0.00018898206072819656,0.0,0.00011305572845681567,0.0,0.0
0.0005123852329441215,0.0,1.7611709916529396e-08,0.0,0.0
2.0959232989398014e-06,0.0,2.5695016762534003e-09,0.0,0.0
0.0021937520455984384,0.0,9.576907979521778e-05,0.0,0.0
4.633807507222507e-06,0.0,3.97661937518416e-06,0.0,0.0
1.5022548064722814e-06,0.0,5.3153107146684054e-08,0.0,0.0
0.00013730558401939036,0.0,0.0003100769253954846,0.0,0.0
1.2158595368748206e-05,0.0,2.0073167828383724e-06,0.0,0.0
4.955198142656025e-06,0.0,0.9695884759186585,1.0,0.0
7.683304632356451e-07,0.0,0.0002878999561920657,0.0,0.0
0.0005163770595190487,0.0,7.932275016199181e-05,0.0,0.0
9.881785077666888e-09,0.0,3.936510363380354e-09,0.0,0.0
0.03481179240089038,0.0,0.00010144162653434142,0.0,0.0
0.00035580226092894263,0.0,2.4763275179136204e-06,0.0,0.0
2.26989183057512e-06,0.0,3.139224320606614e-06,0.0,0.0
0.003336220608587757,0.0,5.308891374336951e-07,0.0,0.0
4.930922071476179e-06,0.0,1.548637602870284e-08,0.0,0.0
0.0003208328779132495,0.0,1.680196947746572e-07,0.0,0.0
4.372590053944791e-05,0.0,1.0358992957266792e-07,0.0,0.0
5.802336237906264e-06,0.0,2.9089380659300837e-07,0.0,0.0
0.0003551037114785488,0.0,3.0964089429531854e-08,0.0,0.0
2.2243160190721018e-06,0.0,3.533328351177214e-08,0.0,0.0
0.00011699150948933157,0.0,8.75358591147952e-08,0.0,0.0
0.0003075490400674912,0.0,0.00010969399900633199,0.0,0.0
0.003980104136286298,0.0,8.410785693213486e-09,0.0,0.0
2.0445094997386846e-08,0.0,8.708586499929185e-05,0.0,0.0
0.00017482387293229693,0.0,1.7160707584152017e-08,0.0,0.0
1.991146779598832e-06,0.0,1.7799766633673366e-06,0.0,0.0
0.004039977114003989,0.0,1.5486310132896836e-08,0.0,0.0
3.66464463233929e-08,0.0,7.936651288684863e-05,0.0,0.0
5.3213328760931314e-05,0.0,8.474760190920896e-08,0.0,0.0
7.000297944548169e-09,0.0,1.6876717621646242e-05,0.0,0.0
1.6137323782973755e-05,0.0,1.5450982196203062e-07,0.0,0.0
0.0005284408265988722,0.0,5.463610730383701e-08,0.0,0.0
0.0007808418083406128,0.0,2.5842072865869505e-08,0.0,0.0
5.952926682139952e-09,0.0,2.7309751302266873e-07,0.0,0.0
3.038635498726511e-05,0.0,9.537837813295638e-08,0.0,0.0
0.0016191811392156628,0.0,0.003448642978545655,0.0,0.0
0.006259721860889643,0.0,0.0004050914820109873,0.0,0.0
0.027569222567625108,0.0,0.0007804185463502371,0.0,0.0
3.1776236070275404e-05,0.0,7.458692804265982e-08,0.0,0.0
6.320902714273622e-06,0.0,2.4798718671777466e-07,0.0,0.0
1.346242508580995e-06,0.0,1.041734565952194e-08,0.0,0.0
0.10647026245644298,0.0,0.9999890473709584,1.0,0.0
5.934940908015866e-07,0.0,1.8556272323583598e-08,0.0,0.0
1.8834547094043715e-09,0.0,5.9561632856996115e-08,0.0,0.0
4.94469519047455e-07,0.0,9.989739493875426e-09,0.0,0.0
0.00011455154613344184,0.0,4.2703573639544785e-07,0.0,0.0
0.00013696405635159543,0.0,4.271190612210601e-07,0.0,0.0
2.4870715986438666e-06,0.0,2.7105829598355896e-08,0.0,0.0
5.693743300873752e-05,0.0,5.508554225216009e-06,0.0,0.0
5.727311427079043e-08,0.0,1.5798140919653815e-05,0.0,0.0
0.10142396490323269,0.0,4.188487420006931e-09,0.0,1.0
0.00023869439136887965,0.0,1.1919941165507406e-07,0.0,0.0
2.069202994821201e-06,0.0,2.9917140532472474e-06,0.0,0.0
6.540110870343104e-09,0.0,3.7589351210039954e-06,0.0,0.0
0.00011673408909361946,0.0,3.1453972787342927e-09,0.0,0.0
0.09999583992673243,0.0,2.4044881044289e-08,0.0,0.0
0.0003202244128626426,0.0,0.004804317103169847,0.0,0.0
0.0061269724358498385,0.0,1.3120054183502533e-08,0.0,0.0
6.531175364570057e-07,0.0,3.8415437960451645e-08,0.0,0.0
1.0102830128682106e-06,0.0,1.7906477078927155e-10,0.0,0.0
2.478385261912935e-07,0.0,5.0088415332312646e-08,0.0,0.0
0.0008356505113418914,0.0,3.5531271499383275e-06,0.0,0.0
5.0371530659764634e-05,0.0,3.7843857533533534e-06,0.0,0.0
9.581584508886365e-05,0.0,0.9999945279617368,1.0,2.0
8.696744169655922e-05,0.0,1.0952841745302957e-07,0.0,0.0
2.612204296222354e-08,0.0,0.005404579418816488,0.0,0.0
2.6923856520237483e-05,0.0,5.1011970637381056e-09,0.0,0.0
4.3937257348502876e-05,0.0,1.2430209012138492e-08,0.0,0.0
2.1472719577481653e-05,0.0,5.7416190548120175e-06,0.0,0.0
2.1142594820401754e-05,0.0,6.866319351710697e-08,0.0,0.0
0.0084590661017094,0.0,3.690326373739857e-08,0.0,0.0
3.509377813869813e-06,0.0,5.1363075698651375e-06,0.0,0.0
0.0003882664151034202,0.0,2.1275834122320912e-05,0.0,0.0
0.0017403809781893988,0.0,3.652504045552111e-08,0.0,0.0
3.280407706655478e-06,0.0,8.614980205292381e-10,0.0,0.0
7.250737260840647e-08,0.0,1.636167495264202e-08,0.0,0.0
0.0015482974375539893,0.0,9.65873139970055e-07,0.0,0.0
1.4435811299945204e-07,0.0,6.656207288593204e-08,0.0,0.0
0.0996126705929903,0.0,1.5141701150554698e-05,0.0,0.0
8.730229352369527e-05,0.0,0.9732483098160497,1.0,0.0
0.08013687399331298,0.0,0.00019959639376637678,0.0,0.0
1.0377850953173593e-08,0.0,4.00090634770738e-06,0.0,0.0
0.006455727201979534,0.0,2.666280133577593e-06,0.0,0.0
0.00012504323603115553,0.0,6.152891253970288e-08,0.0,0.0
0.055765296973725495,0.0,5.745049825241723e-06,0.0,0.0
4.45248462634526e-06,0.0,0.00046183821437200344,0.0,0.0
8.498130199012827e-07,0.0,2.31506247601852e-09,0.0,0.0
1.447805464096713e-05,0.0,3.997462032663164e-06,0.0,0.0
1.6681300139203247e-07,0.0,1.9189246807307227e-09,0.0,0.0
9.176952698804938e-05,0.0,4.0635786039284283e-07,0.0,0.0
0.0001195958698748858,0.0,0.042272531105341,0.0,0.0
3.67044249997475e-05,0.0,1.5093587727394507e-06,0.0,0.0
1.7947913265589393e-05,0.0,1.4196169852906712e-06,0.0,0.0
1.301493992386125e-05,0.0,4.751856143963926e-05,0.0,0.0
0.0013671665768293221,0.0,2.629142237130006e-07,0.0,0.0
7.995879157222402e-06,0.0,1.634418693673364e-08,0.0,0.0
0.00021867368339875895,0.0,3.841571834138327e-08,0.0,0.0
0.010519596085856038,0.0,0.999937558342795,1.0,0.0
0.12328462282116694,0.0,0.0004715066479343725,0.0,0.0
0.0030384644901851137,0.0,3.964258672321554e-08,0.0,1.0
2.8081130894576278e-08,0.0,3.32853457714774e-08,0.0,0.0
8.911280723104959e-07,0.0,3.3506646255844695e-06,0.0,0.0
0.021252246878375364,0.0,0.0007370232210524048,0.0,1.0
0.00144349220475846,0.0,3.4827342189763713e-07,0.0,0.0
0.0001258445141037786,0.0,1.5663084895027205e-06,0.0,0.0
1.115156626345816e-05,0.0,2.3431785785844113e-08,0.0,0.0
8.730481519907604e-05,0.0,1.020228120745382e-06,0.0,0.0
9.909881541636868e-05,0.0,1.6125801408168283e-07,0.0,0.0
9.561113529795477e-08,0.0,0.0005211288542732265,0.0,0.0
0.0007757097557593108,0.0,1.0898564859271493e-05,0.0,0.0
0.018570775186957624,0.0,6.410888768157866e-06,0.0,1.0
6.689160461408793e-05,0.0,2.9035158570910472e-08,0.0,0.0
0.006403901396262041,0.0,0.011400707480198394,0.0,0.0
0.059671838249406674,0.0,0.00014922561204654515,0.0,2.0
0.0003440860940329257,0.0,4.472533863765041e-05,0.0,0.0
6.2089385155219875e-06,0.0,8.320475647334855e-07,0.0,0.0
2.4645775291479277e-06,0.0,2.7087593959733053e-07,0.0,0.0
0.03203403469794232,0.0,3.292154149559733e-08,0.0,0.0
5.305500880542863e-05,0.0,4.480258813408918e-06,0.0,0.0
3.1690147619781046e-07,0.0,1.5782989925590157e-08,0.0,0.0
0.0010731192940768236,0.0,4.6086640934750977e-08,0.0,0.0
5.055241804736111e-05,0.0,3.3601487664945656e-08,0.0,0.0
0.00018889076058237222,0.0,7.71128141698569e-08,0.0,0.0
0.09573291392572636,0.0,0.18410369875400495,0.0,0.0
3.0388075842634253e-07,0.0,1.3314760830579167e-05,0.0,0.0
6.687955810099861e-05,0.0,1.4051106741957058e-06,0.0,0.0
5.052397203656406e-06,0.0,8.74658200920317e-05,0.0,0.0
3.0730714272904764e-09,0.0,2.213757807096339e-07,0.0,0.0
0.00045274651007240556,0.0,2.818468546195158e-07,0.0,0.0
4.327641551550836e-05,0.0,8.820204595918719e-08,0.0,0.0
0.000293259406891077,0.0,2.414790532988149e-06,0.0,0.0
2.7750151496209136e-05,0.0,0.0007532835680310446,0.0,0.0
2.1305770932389533e-06,0.0,1.1075903579508979e-06,0.0,0.0
2.2853732832822508e-05,0.0,2.1623613253148477e-09,0.0,0.0
0.00012181875396920302,0.0,2.5078435221934214e-08,0.0,0.0
7.831229478972125e-06,0.0,8.072799425925807e-07,0.0,0.0
2.691519184049535e-05,0.0,0.0001245591565545985,0.0,0.0
8.623397999408309e-05,0.0,3.161814461646986e-08,0.0,0.0
6.559716886411991e-09,0.0,0.0032011487847164594,0.0,0.0
0.0001646734084920352,0.0,0.0003714242437477329,0.0,0.0
0.005052675115623891,0.0,4.001031012912908e-06,0.0,0.0
0.2101326205281595,0.0,7.776988309724468e-09,0.0,1.0
0.0008358882632084362,0.0,2.5184570469686565e-07,0.0,0.0
1.2896978046666151e-06,0.0,5.38352568360091e-06,0.0,0.0
0.0010381365378193746,0.0,3.0518721594491806e-06,0.0,0.0
7.179930428874908e-06,0.0,1.0663960812473806e-06,0.0,0.0
0.00329310389813958,0.0,2.204456195428487e-05,0.0,1.0
1.1805751710880497e-06,0.0,0.0013179511639655507,0.0,0.0
0.00046469559493880053,0.0,2.790256831762942e-07,0.0,0.0
2.4374801078375897e-06,0.0,3.2115320293652527e-07,0.0,0.0
6.8287121324180785e-12,0.0,2.818468546195158e-07,0.0,0.0
8.049092185209773e-06,0.0,3.2927215726760006e-08,0.0,0.0
0.05320282428445799,0.0,3.1274601363759784e-07,0.0,0.0
0.00011387719182805377,0.0,6.858054589085608e-06,0.0,0.0
6.608936372037626e-05,0.0,5.66904635997526e-09,0.0,0.0
3.732478957496501e-09,0.0,2.558778633307082e-09,0.0,0.0
2.8255229708671135e-05,0.0,2.3760380024212645e-09,0.0,0.0
7.861682964874318e-06,0.0,2.561302765826996e-07,0.0,0.0
0.0009038066668488639,0.0,4.620923784812933e-07,0.0,1.0
1.3144573720644298e-06,0.0,4.769154711427097e-06,0.0,0.0
1.0605581541557091e-05,0.0,2.6990467776312192e-09,0.0,0.0
0.003670975945381785,0.0,4.2711613614190707e-07,0.0,0.0
1.1259182051203477e-05,0.0,1.359668369908807e-05,0.0,0.0
0.4097880484034442,0.0,0.00010710678801953134,0.0,0.0
0.02307264120412611,0.0,9.91254635047196e-09,0.0,0.0
1.265837293315914e-05,0.0,5.4856911864662966e-06,0.0,0.0
0.0001680183223009823,0.0,0.529809734442224,1.0,0.0
0.0020126083915986723,0.0,2.2899414142065087e-06,0.0,2.0
3.575954342560515e-06,0.0,2.7295420907906074e-08,0.0,0.0
1.46878957615012e-05,0.0,1.370152840365605e-08,0.0,0.0
0.46120579515329196,0.0,3.4835240852030044e-07,0.0,0.0
8.66888993474267e-10,0.0,4.220976702946591e-07,0.0,0.0
2.100131560537325e-06,0.0,5.5679468386566305e-06,0.0,0.0
0.0003093411993500215,0.0,4.2499185143154273e-07,0.0,0.0
0.004444723891211525,0.0,1.8074864864002095e-08,0.0,1.0
0.00010416478038464521,0.0,4.0312472784662904e-07,0.0,0.0
0.07262223651657942,0.0,6.783963818247315e-09,0.0,0.0
8.187715588047514e-09,0.0,5.760240566706159e-05,0.0,0.0
0.15960072115447954,0.0,3.255461209855733e-06,0.0,1.0
2.9561262618555048e-08,0.0,4.017925027934168e-06,0.0,0.0
0.006579370266221918,0.0,0.00043304498472133637,0.0,0.0
0.0060828317660397094,0.0,2.0975943374547984e-06,0.0,0.0
0.008820671992153256,0.0,0.005472553125618871,0.0,0.0
1.533793276949307e-05,0.0,4.0192756880826746e-08,0.0,0.0
4.719983721344372e-06,0.0,3.7762175858011335e-05,0.0,0.0
1.1176281333577495e-07,0.0,2.0720775167116973e-07,0.0,0.0
1.7965023383508307e-05,0.0,5.521436848576049e-06,0.0,0.0
0.007617213710748184,0.0,1.0729987021725237e-08,0.0,0.0
0.0012655905654833026,0.0,7.19226856024998e-05,0.0,0.0
0.0001249506271038753,0.0,3.252105823575613e-08,0.0,0.0
5.18295147801828e-05,0.0,7.617867744683667e-08,0.0,0.0
3.225762435135176e-08,0.0,2.2858841250183034e-06,0.0,0.0
1.1131647508372011e-08,0.0,5.661406802305029e-06,0.0,0.0
2.0903714774911588e-07,0.0,4.67342046641087e-06,0.0,0.0
1.3783070734784364e-07,0.0,1.0319622073781276e-07,0.0,0.0
0.006111074745774115,0.0,8.054749630289676e-06,0.0,0.0
0.00048213894503359333,0.0,8.964700372150373e-05,0.0,0.0
1.4840173287901722e-09,0.0,1.3937044630184476e-07,0.0,0.0
0.00047633220887294774,0.0,5.0489684384445626e-08,0.0,0.0
2.182103771351015e-06,0.0,7.617867744683666e-08,0.0,0.0
5.970284101209584e-08,0.0,7.914336532556839e-08,0.0,0.0
0.11690751305603236,0.0,7.200224822849828e-05,0.0,0.0
0.0036257881194942778,0.0,3.252084303508524e-08,0.0,1.0
2.131947702222492e-06,0.0,9.813186964790746e-08,0.0,0.0
4.879780595482373e-06,0.0,1.3515598606854547e-05,0.0,0.0
6.537000994818465e-06,0.0,1.1766574426907063e-06,0.0,0.0
6.991583967999537e-06,0.0,8.221577232106918e-09,0.0,0.0
5.7708844185711837e-11,0.0,4.03403401852523e-09,0.0,0.0
8.464710677802269e-08,0.0,2.0428449795350891e-07,0.0,0.0
5.402806308485344e-05,0.0,3.0314898248160413e-06,0.0,0.0
1.986806205420274e-06,0.0,0.000660362930048345,0.0,0.0
1.6135891392827515e-08,0.0,2.821016232064791e-08,0.0,0.0
8.245934570983787e-10,0.0,1.059649453781254e-06,0.0,0.0
1.0659748511388674e-07,0.0,4.88104666476442e-08,0.0,0.0
3.2028239984881216e-05,0.0,0.014637110653134595,0.0,0.0
5.0740044713689516e-05,0.0,2.815449164246772e-06,0.0,0.0
0.0050975855057695,0.0,3.6046681764528265e-08,0.0,0.0
3.912413354209807e-08,0.0,2.2711120884866122e-07,0.0,0.0
1.0116415469677287e-06,0.0,7.651641866644037e-06,0.0,0.0
3.189187079931274e-08,0.0,3.5953818321744556e-07,0.0,0.0
1.8315979675174008e-09,0.0,7.909688940530966e-08,0.0,0.0
0.29388102402515315,0.0,1.385245199609111e-06,0.0,1.0
0.03189558362656168,0.0,1.129644592937588e-06,0.0,1.0
2.598305697877482e-07,0.0,1.8012895745299e-06,0.0,0.0
9.181262761520559e-06,0.0,2.583115061081112e-08,0.0,0.0
7.096841535562928e-09,0.0,5.336653793375424e-06,0.0,0.0
3.7903174773309616e-08,0.0,4.764615429109929e-08,0.0,0.0
1.7842031869885928e-06,0.0,3.440758447420234e-08,0.0,0.0
0.0015348725734057342,0.0,6.053066627527178e-05,0.0,1.0
0.0002764945554870757,0.0,1.4371818200502895e-06,0.0,0.0
0.08540685545974709,0.0,8.276779707155972e-07,0.0,1.0
8.05365967050396e-07,0.0,2.8135036169638456e-08,0.0,0.0
0.01025458500223987,0.0,1.868788981347327e-05,0.0,2.0
1.025998875901556e-05,0.0,9.25051270971868e-07,0.0,0.0
1.472533522130038e-07,0.0,1.077106414065606e-07,0.0,0.0
0.00014206074392699204,0.0,1.0058759604448058e-05,0.0,0.0
0.0013943453344628452,0.0,4.182047589495909e-05,0.0,0.0
5.2209620833182644e-06,0.0,8.844759229580638e-07,0.0,0.0
1.3964859892610975e-06,0.0,0.004827754043744039,0.0,0.0
7.30642682262583e-05,0.0,0.0008853780736255986,0.0,2.0
6.580853487192741e-08,0.0,2.029853071208254e-05,0.0,0.0
1.008843304657975e-05,0.0,3.108311506169897e-07,0.0,0.0
8.365557189386876e-10,0.0,7.618210325956662e-08,0.0,0.0
4.055688117949583e-05,0.0,3.568195284597687e-08,0.0,0.0
8.742868514059109e-05,0.0,5.633416383462263e-06,0.0,0.0
5.139004014329559e-08,0.0,2.8796250238208e-06,0.0,0.0
2.0886790205596047e-06,0.0,4.627025447699028e-06,0.0,0.0
3.661396178897365e-07,0.0,1.395027977459101e-08,0.0,0.0
2.0879912974513746e-07,0.0,3.248083444314308e-08,0.0,0.0
6.279008308711209e-08,0.0,1.3750865538118917e-08,0.0,0.0
4.665556895601292e-06,0.0,6.264272451071001e-05,0.0,0.0
0.00018295332269600508,0.0,4.516323481767703e-05,0.0,2.0
9.210765181423183e-09,0.0,1.622133628031041e-07,0.0,0.0
5.5973095242527034e-08,0.0,7.53517720871531e-09,0.0,0.0
3.259395328661793e-05,0.0,1.0721563182230493e-07,0.0,0.0
0.2692809486796658,0.0,8.316462090081834e-05,0.0,0.0
1.6255816457915534e-05,0.0,2.712527873607704e-07,0.0,1.0
5.096585754673664e-09,0.0,3.3836090350034227e-07,0.0,0.0
0.32455875988566685,0.0,7.74470899567003e-06,0.0,0.0
3.2643128235161096e-05,0.0,2.0514078794462287e-08,0.0,0.0
0.0002913611849447427,0.0,2.2899585578938646e-06,0.0,0.0
1.404887260393119e-05,0.0,4.7598124572065314e-08,0.0,0.0
0.03434618575524935,0.0,0.00025001917523119536,0.0,0.0
5.562864289522217e-07,0.0,7.618211675409816e-08,0.0,0.0
7.525136625394464e-07,0.0,3.862128608643182e-05,0.0,0.0
5.045217918745642e-06,0.0,2.3731790908193733e-06,0.0,0.0
5.076265055651525e-07,0.0,1.2044939102145858e-09,0.0,0.0
0.04255168659012382,0.0,6.450591397942193e-08,0.0,1.0
0.001367053934336664,0.0,3.9523865647008437e-07,0.0,0.0
3.401687122770824e-08,0.0,0.00010801445598696924,0.0,0.0
1.0050237307078424e-06,0.0,1.7041387026608405e-05,0.0,0.0
6.888838246423087e-06,0.0,7.39515052957598e-08,0.0,0.0
3.379074060636806e-05,0.0,1.2818813647649875e-08,0.0,0.0
1.4912009295911385e-05,0.0,7.766906139288811e-07,0.0,0.0
1.4734579537077634e-05,0.0,3.1816926506166953e-08,0.0,0.0
3.820972292086492e-05,0.0,3.0938190775922615e-06,0.0,0.0
0.02567583084038671,0.0,2.5578395884779567e-08,0.0,0.0
6.839079837934396e-05,0.0,4.95255861928848e-07,0.0,0.0
3.0580138510426317e-06,0.0,2.6133928016082792e-06,0.0,0.0
9.150784830592207e-07,0.0,1.178224270659447e-06,0.0,0.0
0.2828682874654478,0.0,2.0975943374547984e-06,0.0,1.0
